--
-- PostgreSQL database dump
--

-- Dumped from database version 14.4
-- Dumped by pg_dump version 14.4

-- Started on 2022-12-11 22:58:07

SET statement_timeout = 0;
SET lock_timeout = 0;
SET idle_in_transaction_session_timeout = 0;
SET client_encoding = 'UTF8';
SET standard_conforming_strings = on;
SELECT pg_catalog.set_config('search_path', '', false);
SET check_function_bodies = false;
SET xmloption = content;
SET client_min_messages = warning;
SET row_security = off;

SET default_tablespace = '';

SET default_table_access_method = heap;

--
-- TOC entry 210 (class 1259 OID 51344)
-- Name: category; Type: TABLE; Schema: public; Owner: postgres
--

CREATE TABLE public.category (
    id integer NOT NULL,
    name character varying(255),
    group_category_id integer NOT NULL
);


ALTER TABLE public.category OWNER TO postgres;

--
-- TOC entry 209 (class 1259 OID 51343)
-- Name: category_id_seq; Type: SEQUENCE; Schema: public; Owner: postgres
--

ALTER TABLE public.category ALTER COLUMN id ADD GENERATED BY DEFAULT AS IDENTITY (
    SEQUENCE NAME public.category_id_seq
    START WITH 1
    INCREMENT BY 1
    NO MINVALUE
    NO MAXVALUE
    CACHE 1
);


--
-- TOC entry 212 (class 1259 OID 51350)
-- Name: group_category; Type: TABLE; Schema: public; Owner: postgres
--

CREATE TABLE public.group_category (
    id integer NOT NULL,
    name character varying(255)
);


ALTER TABLE public.group_category OWNER TO postgres;

--
-- TOC entry 211 (class 1259 OID 51349)
-- Name: group_category_id_seq; Type: SEQUENCE; Schema: public; Owner: postgres
--

ALTER TABLE public.group_category ALTER COLUMN id ADD GENERATED BY DEFAULT AS IDENTITY (
    SEQUENCE NAME public.group_category_id_seq
    START WITH 1
    INCREMENT BY 1
    NO MINVALUE
    NO MAXVALUE
    CACHE 1
);


--
-- TOC entry 214 (class 1259 OID 51356)
-- Name: image; Type: TABLE; Schema: public; Owner: postgres
--

CREATE TABLE public.image (
    id integer NOT NULL,
    file_name character varying(255),
    product_id integer NOT NULL
);


ALTER TABLE public.image OWNER TO postgres;

--
-- TOC entry 216 (class 1259 OID 51362)
-- Name: image_category; Type: TABLE; Schema: public; Owner: postgres
--

CREATE TABLE public.image_category (
    id integer NOT NULL,
    file_name character varying(255),
    group_category_id integer NOT NULL
);


ALTER TABLE public.image_category OWNER TO postgres;

--
-- TOC entry 215 (class 1259 OID 51361)
-- Name: image_category_id_seq; Type: SEQUENCE; Schema: public; Owner: postgres
--

ALTER TABLE public.image_category ALTER COLUMN id ADD GENERATED BY DEFAULT AS IDENTITY (
    SEQUENCE NAME public.image_category_id_seq
    START WITH 1
    INCREMENT BY 1
    NO MINVALUE
    NO MAXVALUE
    CACHE 1
);


--
-- TOC entry 213 (class 1259 OID 51355)
-- Name: image_id_seq; Type: SEQUENCE; Schema: public; Owner: postgres
--

ALTER TABLE public.image ALTER COLUMN id ADD GENERATED BY DEFAULT AS IDENTITY (
    SEQUENCE NAME public.image_id_seq
    START WITH 1
    INCREMENT BY 1
    NO MINVALUE
    NO MAXVALUE
    CACHE 1
);


--
-- TOC entry 218 (class 1259 OID 51368)
-- Name: image_post_category; Type: TABLE; Schema: public; Owner: postgres
--

CREATE TABLE public.image_post_category (
    id integer NOT NULL,
    file_name character varying(255),
    category_id integer NOT NULL
);


ALTER TABLE public.image_post_category OWNER TO postgres;

--
-- TOC entry 217 (class 1259 OID 51367)
-- Name: image_post_category_id_seq; Type: SEQUENCE; Schema: public; Owner: postgres
--

ALTER TABLE public.image_post_category ALTER COLUMN id ADD GENERATED BY DEFAULT AS IDENTITY (
    SEQUENCE NAME public.image_post_category_id_seq
    START WITH 1
    INCREMENT BY 1
    NO MINVALUE
    NO MAXVALUE
    CACHE 1
);


--
-- TOC entry 220 (class 1259 OID 51374)
-- Name: orders; Type: TABLE; Schema: public; Owner: postgres
--

CREATE TABLE public.orders (
    id integer NOT NULL,
    count integer NOT NULL,
    date_time timestamp without time zone,
    number character varying(255),
    price real NOT NULL,
    status integer,
    person_id integer NOT NULL,
    product_id integer NOT NULL
);


ALTER TABLE public.orders OWNER TO postgres;

--
-- TOC entry 219 (class 1259 OID 51373)
-- Name: orders_id_seq; Type: SEQUENCE; Schema: public; Owner: postgres
--

ALTER TABLE public.orders ALTER COLUMN id ADD GENERATED BY DEFAULT AS IDENTITY (
    SEQUENCE NAME public.orders_id_seq
    START WITH 1
    INCREMENT BY 1
    NO MINVALUE
    NO MAXVALUE
    CACHE 1
);


--
-- TOC entry 222 (class 1259 OID 51380)
-- Name: person; Type: TABLE; Schema: public; Owner: postgres
--

CREATE TABLE public.person (
    id integer NOT NULL,
    login character varying(100),
    password character varying(255),
    role character varying(255)
);


ALTER TABLE public.person OWNER TO postgres;

--
-- TOC entry 221 (class 1259 OID 51379)
-- Name: person_id_seq; Type: SEQUENCE; Schema: public; Owner: postgres
--

ALTER TABLE public.person ALTER COLUMN id ADD GENERATED BY DEFAULT AS IDENTITY (
    SEQUENCE NAME public.person_id_seq
    START WITH 1
    INCREMENT BY 1
    NO MINVALUE
    NO MAXVALUE
    CACHE 1
);


--
-- TOC entry 224 (class 1259 OID 51388)
-- Name: product; Type: TABLE; Schema: public; Owner: postgres
--

CREATE TABLE public.product (
    id integer NOT NULL,
    amount integer,
    date_time timestamp without time zone,
    description text NOT NULL,
    discount real,
    manufacturer character varying(255) NOT NULL,
    price real NOT NULL,
    title text NOT NULL,
    category_id integer NOT NULL,
    CONSTRAINT product_price_check CHECK ((price >= (1)::double precision))
);


ALTER TABLE public.product OWNER TO postgres;

--
-- TOC entry 226 (class 1259 OID 51397)
-- Name: product_cart; Type: TABLE; Schema: public; Owner: postgres
--

CREATE TABLE public.product_cart (
    id integer NOT NULL,
    person_id integer,
    product_id integer
);


ALTER TABLE public.product_cart OWNER TO postgres;

--
-- TOC entry 225 (class 1259 OID 51396)
-- Name: product_cart_id_seq; Type: SEQUENCE; Schema: public; Owner: postgres
--

ALTER TABLE public.product_cart ALTER COLUMN id ADD GENERATED BY DEFAULT AS IDENTITY (
    SEQUENCE NAME public.product_cart_id_seq
    START WITH 1
    INCREMENT BY 1
    NO MINVALUE
    NO MAXVALUE
    CACHE 1
);


--
-- TOC entry 223 (class 1259 OID 51387)
-- Name: product_id_seq; Type: SEQUENCE; Schema: public; Owner: postgres
--

ALTER TABLE public.product ALTER COLUMN id ADD GENERATED BY DEFAULT AS IDENTITY (
    SEQUENCE NAME public.product_id_seq
    START WITH 1
    INCREMENT BY 1
    NO MINVALUE
    NO MAXVALUE
    CACHE 1
);


--
-- TOC entry 228 (class 1259 OID 51403)
-- Name: role; Type: TABLE; Schema: public; Owner: postgres
--

CREATE TABLE public.role (
    id integer NOT NULL,
    name character varying(255)
);


ALTER TABLE public.role OWNER TO postgres;

--
-- TOC entry 227 (class 1259 OID 51402)
-- Name: role_id_seq; Type: SEQUENCE; Schema: public; Owner: postgres
--

ALTER TABLE public.role ALTER COLUMN id ADD GENERATED BY DEFAULT AS IDENTITY (
    SEQUENCE NAME public.role_id_seq
    START WITH 1
    INCREMENT BY 1
    NO MINVALUE
    NO MAXVALUE
    CACHE 1
);


--
-- TOC entry 3381 (class 0 OID 51344)
-- Dependencies: 210
-- Data for Name: category; Type: TABLE DATA; Schema: public; Owner: postgres
--

COPY public.category (id, name, group_category_id) FROM stdin;
2	Мундштуки аспирации слюноотсоса и пылесоса в стоматологии	1
4	Шланги аспирации слюноотсоса и пылесоса в стоматологии	1
5	Запчасти аспирации Mono-Jet и Aspi-Jet Cattani	1
6	Запчасти Sirona	1
7	Запчасти для стоматологических установок и запчасти стоматологического оборудования	1
8	Запчасти Автоклавов	1
9	Шланги, рукава инструментов стоматологической установки	1
10	Бутылка дистиллированной воды для стоматологического оборудования	1
11	Запчасти AIR Flow (Аир флоу) наконечников	1
12	Запчасти Компрессоров стоматологических	1
13	Наконечники турбинные	2
14	Наконечники прямые	2
15	Микромоторы стоматологические	1
\.


--
-- TOC entry 3383 (class 0 OID 51350)
-- Dependencies: 212
-- Data for Name: group_category; Type: TABLE DATA; Schema: public; Owner: postgres
--

COPY public.group_category (id, name) FROM stdin;
1	Запчасти стоматологические
2	Наконечники, Mикромоторы, Пустеры
3	Матрасы и Подголовники на стоматологическое кресло
5	Аспирация и Компрессоры для стоматологии
6	Лампы полимеризационные
7	Скалеры ультразвуковые стоматологические
8	Air Flow аппараты и наконечники для стоматологии
9	Эндомоторы, Апекслокаторы
10	Автоклавы и Стерилизационное оборудование
11	Хирургическое оборудование для стоматологии
12	Рентген оборудование и Диагностика и визуализация в стоматологии
13	Эндомоторы, Апекслокаторы
\.


--
-- TOC entry 3385 (class 0 OID 51356)
-- Dependencies: 214
-- Data for Name: image; Type: TABLE DATA; Schema: public; Owner: postgres
--

COPY public.image (id, file_name, product_id) FROM stdin;
1	f55b4c2d-ad5d-4da6-a588-3858984b9a36.5a8643e148a911ea81325065f37a3b01_254260612b1011eba15b001999eb1989.jpg	1
2	2d96295b-8c8a-4495-b65e-f64b657ea3bc.5a8643e148a911ea81325065f37a3b01_254260622b1011eba15b001999eb1989.jpg	1
3	7afc97fe-1087-4b44-95d6-95508bc123c6.5a8643e148a911ea81325065f37a3b01_254260632b1011eba15b001999eb1989.jpg	1
4	a7505fc8-3aa1-4a5a-a2d0-1fb8308099d4.5a8643e148a911ea81325065f37a3b01_254260642b1011eba15b001999eb1989.jpg	1
5	8dfc3e1a-ef63-48b9-b33e-ffdadc4e9f70.5a8643e148a911ea81325065f37a3b01_254260612b1011eba15b001999eb1989.jpg	1
6	7a8d1bc3-9c96-4c00-97ba-6720aaaa9bf3.482a4913734c11eb814c5065f37a3b01_c9d05fd0780f11eba534001999eb1989.jpg	2
7	5888e1ea-8296-475f-bb63-11c84d3b67e9.482a4913734c11eb814c5065f37a3b01_c9d05fd0780f11eba534001999eb1989.jpg	2
8	3b185305-f271-47aa-9624-fe83465892bd.482a4913734c11eb814c5065f37a3b01_c9d05fd0780f11eba534001999eb1989.jpg	2
9	1540552a-f49e-4fca-8092-0a0a36d78229.482a4913734c11eb814c5065f37a3b01_c9d05fd0780f11eba534001999eb1989.jpg	2
10	0e384046-69fc-4fd4-9a49-1652df11ff69.482a4913734c11eb814c5065f37a3b01_c9d05fd0780f11eba534001999eb1989.jpg	2
11	0da43250-6f18-43d9-ac45-fd812fe5bce9.1f5c0de5fd3311ec89e300e04cc2007e_75c0c2d11ee111ed89e600e04cc2007e.jpg	3
12	36f90f2d-e6f5-47e3-989d-5f271df0de3d.1f5c0de5fd3311ec89e300e04cc2007e_75c0c2671ee111ed89e600e04cc2007e.jpg	3
13	de715603-42ba-464a-b482-2a86875de253.1f5c0de5fd3311ec89e300e04cc2007e_75c0c2671ee111ed89e600e04cc2007e.jpg	3
14	9aa2ba32-dac1-4aec-9739-b9b8685da303.1f5c0de5fd3311ec89e300e04cc2007e_75c0c2671ee111ed89e600e04cc2007e.jpg	3
15	3bdc67cd-be14-4a05-816c-2012ff2012b8.1f5c0de5fd3311ec89e300e04cc2007e_75c0c2d11ee111ed89e600e04cc2007e.jpg	3
16	1e214dff-f445-45a8-bb87-795e046e7d02.2b6186750a1811eb813c5065f37a3b01_7dfcae5d979911eb815b5065f37a3b01.jpg	4
17	076033f0-187f-44ba-b0bb-ca777e660e74.	4
18	deb8d1b1-7941-43d8-bd35-787cd472b366.	4
19	f203e02e-51ee-4504-88dc-fbac87820d11.	4
20	ca428d1e-3458-499a-bb30-976562d28f09.	4
21	0e6dbc4c-1d28-43fd-afa0-1f1c36841731.4f9f8732e00311ec89e100e04cc2007e_3a72789df39f11ec89e100e04cc2007e.jpg	6
22	0c5761a6-126e-4dd6-9744-2c39c15d0727.	6
23	a0be55c9-53cb-4d71-b48d-7aa6b6fd66f2.	6
24	ccadb10d-a758-490f-ba2d-49786ed99e61.	6
25	753b8750-b1b2-474e-af10-1c886c01cf73.	6
\.


--
-- TOC entry 3387 (class 0 OID 51362)
-- Dependencies: 216
-- Data for Name: image_category; Type: TABLE DATA; Schema: public; Owner: postgres
--

COPY public.image_category (id, file_name, group_category_id) FROM stdin;
1	e2c96964-c013-4841-addb-9972a3922bf3.nimage_c.png	1
2	ac6130fc-7149-43a3-9c22-bde931495ebd.nimage_c (1).png	2
3	11300e5c-d848-408b-88b4-b04d99f4a15e.nimage_c (2).png	3
5	589d187e-8eb6-40d4-8d06-2e621fb95eb0.nimage_c (3).png	5
6	a7a3de04-adb3-44b0-aabe-7a7714e4726a.nimage_c (4).png	6
7	37205120-4ea5-4fa4-85f9-9372ab314955.nimage_c (5).png	7
8	4074b072-7a5f-491c-afe6-5a9fafa45e71.nimage_c (6).png	8
9	cee905ec-d402-4ab8-801c-56489531827e.nimage_c (7).png	9
10	9ba04b64-8b72-4206-bfe4-4f25af8e5221.nimage_c (8).png	10
11	a75b464f-f5ef-41d2-a79a-c38daa1c1085.nimage_c (10).png	11
12	77a2abcd-d80f-4f55-8ed3-be17579b36d4.nimage_c (11).png	12
13	c63af844-bea8-40ea-a1d7-2d68b74e14c5.nimage_c (7).png	13
\.


--
-- TOC entry 3389 (class 0 OID 51368)
-- Dependencies: 218
-- Data for Name: image_post_category; Type: TABLE DATA; Schema: public; Owner: postgres
--

COPY public.image_post_category (id, file_name, category_id) FROM stdin;
2	9d8ef0dd-b2f4-4ed5-a725-fa876ef54795.nimage_sc.png	2
4	69712752-ffac-499e-924e-f3d0ffec466c.nimage_sc (1).png	4
5	eb83a07d-094d-4af6-9731-7a59491dea4a.nimage_sc (2).png	5
6	224940ff-09e4-4e0c-9bfb-bd1136d74f9a.nimage_sc (3).png	6
7	02fd3ea1-7283-4d8a-815a-565ff5c21831.nimage_sc (4).png	7
8	e9a1418a-65db-4ed2-b79c-674cb7872b2e.nimage_sc (5).png	8
9	1490eda7-f70c-4777-9665-fdda074ce8af.nimage_sc (6).png	9
10	f7404bcc-7547-4ae7-94df-f990877edfa1.nimage_sc (7).png	10
11	a95b376d-66c7-4609-bf7a-ab1548a20031.nimage_sc (8).png	11
12	7b8d3cee-6df4-4576-bb41-96f2302642e7.nimage_sc (9).png	12
13	d3ad75f4-e1d7-49b2-a502-624e7badaead.nimage_sc (18).png	13
14	2ebffe7e-08e1-497d-a14d-3d0787c44b62.nimage_sc.png	14
15	511bb23c-999a-4dac-9e51-9fdadc128bfe.nimage_sc (1).png	15
\.


--
-- TOC entry 3391 (class 0 OID 51374)
-- Dependencies: 220
-- Data for Name: orders; Type: TABLE DATA; Schema: public; Owner: postgres
--

COPY public.orders (id, count, date_time, number, price, status, person_id, product_id) FROM stdin;
1	1	2022-12-10 17:52:00	2112a3e2-fa33-4585-a5fe-68653d76dc20	450	2	2	1
2	1	2022-12-11 00:59:44.849506	5824be96-87e2-4597-bef2-86c9141586a5	1750	4	2	3
3	1	2022-12-11 16:48:34.670458	d71c7d52-2e25-4b4d-882a-7e1e5747b610	150	4	2	2
4	1	2022-12-11 18:20:16.073271	93391657-b486-43cc-8a4d-78bd4701a891	938	4	2	6
5	1	2022-12-11 18:20:16.084274	93391657-b486-43cc-8a4d-78bd4701a891	450	4	2	1
6	1	2022-12-11 19:27:42.012613	f5f860a2-8c59-4972-88c2-6d392b983acf	1750	4	2	3
7	1	2022-12-11 19:27:42.016715	f5f860a2-8c59-4972-88c2-6d392b983acf	450	4	2	1
\.


--
-- TOC entry 3393 (class 0 OID 51380)
-- Dependencies: 222
-- Data for Name: person; Type: TABLE DATA; Schema: public; Owner: postgres
--

COPY public.person (id, login, password, role) FROM stdin;
2	user_test	$2a$10$hgEhqtFE6UYeuA.T5EQAq.Vs9m1lg2HUOijnF7L3/Bz6H1rpWN.Wq	ROLE_USER
1	admin	$2a$10$2fpPZszs0UJSC8B92z8Ieu8UA7s0wcKFwv8DJTwKC3XAl4qmoIP5q	ROLE_ADMIN
\.


--
-- TOC entry 3395 (class 0 OID 51388)
-- Dependencies: 224
-- Data for Name: product; Type: TABLE DATA; Schema: public; Owner: postgres
--

COPY public.product (id, amount, date_time, description, discount, manufacturer, price, title, category_id) FROM stdin;
1	20	2022-12-10 16:55:48.268869	• цена за 1 шт\r\n• Канюля универсальная Universal III d=16 мм для пылесоса, автоклавируемая, многоразовая\r\n• Универсальная канюля III для взрослых\r\n• Универсальные канюли III особо бесшумные.\r\n• Доказанное снижение загрязненного микробами аэрозольного облака\r\n• На 30 % более низкий уровень шума при всасывании\r\n• Без углов или острых краев - удобность во рту пациента\r\n• Стильные цвета, подходящие к интерьеру любого стоматологического кабинета.	0	DUERR DENTAL	450	Канюля пылесоса	2
3	300	2022-12-10 17:02:25.606509	220 вольт 15A	0	Cattani	1750	ВЫКЛЮЧАТЕЛЬ СЕТЕВОЙ MONO-JET / ASPI-JET / TURBO-SMART (БЕЗ КРЕПЁЖНОЙ ПЛАСТИНЫ) 	5
2	1000	\N	Стоимость за 1 метр.\r\nШланг высокого давления 3*2 мм применяется в стоматологических установках.	0	Китай	150	Трубка высокого давления 3*2 мм для стоматологических установок	4
4	20	2022-12-10 20:44:59.04774	соединительный, в стол врача установки Sirona	0	Sirona	6500	Блок SPRAYVIT соединительный, в стол врача установки Sirona	6
6	500	2022-12-10 23:16:30.79368	Канюля пылесоса №09 многоразовая 3 шт. Ø11мм, Cattani 	0	Италия	938	Канюля пылесоса 9	2
\.


--
-- TOC entry 3397 (class 0 OID 51397)
-- Dependencies: 226
-- Data for Name: product_cart; Type: TABLE DATA; Schema: public; Owner: postgres
--

COPY public.product_cart (id, person_id, product_id) FROM stdin;
14	2	4
\.


--
-- TOC entry 3399 (class 0 OID 51403)
-- Dependencies: 228
-- Data for Name: role; Type: TABLE DATA; Schema: public; Owner: postgres
--

COPY public.role (id, name) FROM stdin;
\.


--
-- TOC entry 3405 (class 0 OID 0)
-- Dependencies: 209
-- Name: category_id_seq; Type: SEQUENCE SET; Schema: public; Owner: postgres
--

SELECT pg_catalog.setval('public.category_id_seq', 15, true);


--
-- TOC entry 3406 (class 0 OID 0)
-- Dependencies: 211
-- Name: group_category_id_seq; Type: SEQUENCE SET; Schema: public; Owner: postgres
--

SELECT pg_catalog.setval('public.group_category_id_seq', 14, true);


--
-- TOC entry 3407 (class 0 OID 0)
-- Dependencies: 215
-- Name: image_category_id_seq; Type: SEQUENCE SET; Schema: public; Owner: postgres
--

SELECT pg_catalog.setval('public.image_category_id_seq', 14, true);


--
-- TOC entry 3408 (class 0 OID 0)
-- Dependencies: 213
-- Name: image_id_seq; Type: SEQUENCE SET; Schema: public; Owner: postgres
--

SELECT pg_catalog.setval('public.image_id_seq', 25, true);


--
-- TOC entry 3409 (class 0 OID 0)
-- Dependencies: 217
-- Name: image_post_category_id_seq; Type: SEQUENCE SET; Schema: public; Owner: postgres
--

SELECT pg_catalog.setval('public.image_post_category_id_seq', 15, true);


--
-- TOC entry 3410 (class 0 OID 0)
-- Dependencies: 219
-- Name: orders_id_seq; Type: SEQUENCE SET; Schema: public; Owner: postgres
--

SELECT pg_catalog.setval('public.orders_id_seq', 7, true);


--
-- TOC entry 3411 (class 0 OID 0)
-- Dependencies: 221
-- Name: person_id_seq; Type: SEQUENCE SET; Schema: public; Owner: postgres
--

SELECT pg_catalog.setval('public.person_id_seq', 2, true);


--
-- TOC entry 3412 (class 0 OID 0)
-- Dependencies: 225
-- Name: product_cart_id_seq; Type: SEQUENCE SET; Schema: public; Owner: postgres
--

SELECT pg_catalog.setval('public.product_cart_id_seq', 14, true);


--
-- TOC entry 3413 (class 0 OID 0)
-- Dependencies: 223
-- Name: product_id_seq; Type: SEQUENCE SET; Schema: public; Owner: postgres
--

SELECT pg_catalog.setval('public.product_id_seq', 6, true);


--
-- TOC entry 3414 (class 0 OID 0)
-- Dependencies: 227
-- Name: role_id_seq; Type: SEQUENCE SET; Schema: public; Owner: postgres
--

SELECT pg_catalog.setval('public.role_id_seq', 1, false);


--
-- TOC entry 3211 (class 2606 OID 51348)
-- Name: category category_pkey; Type: CONSTRAINT; Schema: public; Owner: postgres
--

ALTER TABLE ONLY public.category
    ADD CONSTRAINT category_pkey PRIMARY KEY (id);


--
-- TOC entry 3213 (class 2606 OID 51354)
-- Name: group_category group_category_pkey; Type: CONSTRAINT; Schema: public; Owner: postgres
--

ALTER TABLE ONLY public.group_category
    ADD CONSTRAINT group_category_pkey PRIMARY KEY (id);


--
-- TOC entry 3217 (class 2606 OID 51366)
-- Name: image_category image_category_pkey; Type: CONSTRAINT; Schema: public; Owner: postgres
--

ALTER TABLE ONLY public.image_category
    ADD CONSTRAINT image_category_pkey PRIMARY KEY (id);


--
-- TOC entry 3215 (class 2606 OID 51360)
-- Name: image image_pkey; Type: CONSTRAINT; Schema: public; Owner: postgres
--

ALTER TABLE ONLY public.image
    ADD CONSTRAINT image_pkey PRIMARY KEY (id);


--
-- TOC entry 3219 (class 2606 OID 51372)
-- Name: image_post_category image_post_category_pkey; Type: CONSTRAINT; Schema: public; Owner: postgres
--

ALTER TABLE ONLY public.image_post_category
    ADD CONSTRAINT image_post_category_pkey PRIMARY KEY (id);


--
-- TOC entry 3221 (class 2606 OID 51378)
-- Name: orders orders_pkey; Type: CONSTRAINT; Schema: public; Owner: postgres
--

ALTER TABLE ONLY public.orders
    ADD CONSTRAINT orders_pkey PRIMARY KEY (id);


--
-- TOC entry 3223 (class 2606 OID 51386)
-- Name: person person_pkey; Type: CONSTRAINT; Schema: public; Owner: postgres
--

ALTER TABLE ONLY public.person
    ADD CONSTRAINT person_pkey PRIMARY KEY (id);


--
-- TOC entry 3229 (class 2606 OID 51401)
-- Name: product_cart product_cart_pkey; Type: CONSTRAINT; Schema: public; Owner: postgres
--

ALTER TABLE ONLY public.product_cart
    ADD CONSTRAINT product_cart_pkey PRIMARY KEY (id);


--
-- TOC entry 3225 (class 2606 OID 51395)
-- Name: product product_pkey; Type: CONSTRAINT; Schema: public; Owner: postgres
--

ALTER TABLE ONLY public.product
    ADD CONSTRAINT product_pkey PRIMARY KEY (id);


--
-- TOC entry 3231 (class 2606 OID 51407)
-- Name: role role_pkey; Type: CONSTRAINT; Schema: public; Owner: postgres
--

ALTER TABLE ONLY public.role
    ADD CONSTRAINT role_pkey PRIMARY KEY (id);


--
-- TOC entry 3227 (class 2606 OID 51409)
-- Name: product uk_qka6vxqdy1dprtqnx9trdd47c; Type: CONSTRAINT; Schema: public; Owner: postgres
--

ALTER TABLE ONLY public.product
    ADD CONSTRAINT uk_qka6vxqdy1dprtqnx9trdd47c UNIQUE (title);


--
-- TOC entry 3236 (class 2606 OID 51430)
-- Name: orders fk1b0m4muwx1t377w9if3w6wwqn; Type: FK CONSTRAINT; Schema: public; Owner: postgres
--

ALTER TABLE ONLY public.orders
    ADD CONSTRAINT fk1b0m4muwx1t377w9if3w6wwqn FOREIGN KEY (person_id) REFERENCES public.person(id);


--
-- TOC entry 3235 (class 2606 OID 51425)
-- Name: image_post_category fk1f4vh6bcv85cof0iyq80ddnet; Type: FK CONSTRAINT; Schema: public; Owner: postgres
--

ALTER TABLE ONLY public.image_post_category
    ADD CONSTRAINT fk1f4vh6bcv85cof0iyq80ddnet FOREIGN KEY (category_id) REFERENCES public.category(id);


--
-- TOC entry 3238 (class 2606 OID 51440)
-- Name: product fk1mtsbur82frn64de7balymq9s; Type: FK CONSTRAINT; Schema: public; Owner: postgres
--

ALTER TABLE ONLY public.product
    ADD CONSTRAINT fk1mtsbur82frn64de7balymq9s FOREIGN KEY (category_id) REFERENCES public.category(id);


--
-- TOC entry 3232 (class 2606 OID 51410)
-- Name: category fk1uulwek4lbnpfmc5h1t9fk4ag; Type: FK CONSTRAINT; Schema: public; Owner: postgres
--

ALTER TABLE ONLY public.category
    ADD CONSTRAINT fk1uulwek4lbnpfmc5h1t9fk4ag FOREIGN KEY (group_category_id) REFERENCES public.group_category(id);


--
-- TOC entry 3237 (class 2606 OID 51435)
-- Name: orders fk787ibr3guwp6xobrpbofnv7le; Type: FK CONSTRAINT; Schema: public; Owner: postgres
--

ALTER TABLE ONLY public.orders
    ADD CONSTRAINT fk787ibr3guwp6xobrpbofnv7le FOREIGN KEY (product_id) REFERENCES public.product(id);


--
-- TOC entry 3233 (class 2606 OID 51415)
-- Name: image fkgpextbyee3uk9u6o2381m7ft1; Type: FK CONSTRAINT; Schema: public; Owner: postgres
--

ALTER TABLE ONLY public.image
    ADD CONSTRAINT fkgpextbyee3uk9u6o2381m7ft1 FOREIGN KEY (product_id) REFERENCES public.product(id);


--
-- TOC entry 3240 (class 2606 OID 51450)
-- Name: product_cart fkhpnrxdy3jhujameyod08ilvvw; Type: FK CONSTRAINT; Schema: public; Owner: postgres
--

ALTER TABLE ONLY public.product_cart
    ADD CONSTRAINT fkhpnrxdy3jhujameyod08ilvvw FOREIGN KEY (product_id) REFERENCES public.product(id);


--
-- TOC entry 3234 (class 2606 OID 51420)
-- Name: image_category fkkkqpmjqxxco5fcej43b2r6kli; Type: FK CONSTRAINT; Schema: public; Owner: postgres
--

ALTER TABLE ONLY public.image_category
    ADD CONSTRAINT fkkkqpmjqxxco5fcej43b2r6kli FOREIGN KEY (group_category_id) REFERENCES public.group_category(id);


--
-- TOC entry 3239 (class 2606 OID 51445)
-- Name: product_cart fksgnkc1ko2i1o9yr2p63ysq3rn; Type: FK CONSTRAINT; Schema: public; Owner: postgres
--

ALTER TABLE ONLY public.product_cart
    ADD CONSTRAINT fksgnkc1ko2i1o9yr2p63ysq3rn FOREIGN KEY (person_id) REFERENCES public.person(id);


-- Completed on 2022-12-11 22:58:08

--
-- PostgreSQL database dump complete
--

